Title,ID,Onclick
金正恩同志向李姬镐女士遗属致唁函,AR0126135,"fn_showArticle(""AR0126135"", """", ""NT00"", ""L"")"
金正恩同志向李姬镐女士遗属致唁函和花圈,AR0126134,"fn_showArticle(""AR0126134"", """", ""NT00"", ""L"")"
金正恩同志向普京总统致贺电,AR0126098,"fn_showArticle(""AR0126098"", """", ""NT00"", ""L"")"
金正恩同志同军属艺术小组员合影留念,AR0125886,"fn_showArticle(""AR0125886"", """", ""NT00"", ""L"")"
金正恩同志向劳尔·卡斯特罗同志致贺电,AR0125876,"fn_showArticle(""AR0125876"", """", ""NT00"", ""L"")"
大型团体操与艺术演出《人民的国家》隆重开演　金正恩同志出席观看演出,AR0125857,"fn_showArticle(""AR0125857"", """", ""NT00"", ""L"")"
中央美术展在平壤开幕,AR0126318,"fn_showArticle(""AR0126318"", """", ""NT41"", ""L"")"
朝鲜活跃红十字活动,AR0126284,"fn_showArticle(""AR0126284"", """", ""NT41"", ""L"")"
中央研讨会在平壤举行,AR0126314,"fn_showArticle(""AR0126314"", """", ""NT41"", ""L"")"
一些科研成果将助推环保工作,AR0126297,"fn_showArticle(""AR0126297"", """", ""NT41"", ""L"")"
朝鲜勘探一千数百万吨煤炭蕴藏量,AR0126296,"fn_showArticle(""AR0126296"", """", ""NT41"", ""L"")"
崔龙海电贺塞舌尔国庆节,AR0126295,"fn_showArticle(""AR0126295"", """", ""NT41"", ""L"")"
《劳动新闻》强调要在革命和建设中坚持主体性和民族性,AR0126293,"fn_showArticle(""AR0126293"", """", ""NT41"", ""L"")"
报刊新闻目录（２０１９年６月１８日）,AR0126292,"fn_showArticle(""AR0126292"", """", ""NT41"", ""L"")"
中央动物园的礼物动物继续增殖,AR0126291,"fn_showArticle(""AR0126291"", """", ""NT41"", ""L"")"
俄罗斯和阿尔及利亚人士发表谈话纪念“６•１２”朝美联合声明发表１周年,AR0126290,"fn_showArticle(""AR0126290"", """", ""NT41"", ""L"")"
回顾金日成主席委员会在科威特成立,AR0126289,"fn_showArticle(""AR0126289"", """", ""NT41"", ""L"")"
叙利亚成立回顾金日成主席统一社会党人党委员会,AR0126288,"fn_showArticle(""AR0126288"", """", ""NT41"", ""L"")"
委内瑞拉卡拉沃沃州纳瓜纳瓜市向金正恩同志授予最高勋章,AR0126287,"fn_showArticle(""AR0126287"", """", ""NT41"", ""L"")"
习近平将访问朝鲜,AR0126286,"fn_showArticle(""AR0126286"", """", ""NT41"", ""L"")"
平壤国际健康及医疗器具部门科技展开幕,AR0126283,"fn_showArticle(""AR0126283"", """", ""NT41"", ""L"")"
金才龙实地考察德川地区煤矿联合企业,AR0126281,"fn_showArticle(""AR0126281"", """", ""NT41"", ""L"")"
金正日同志在领导朝鲜劳动党的整个期间发表许多关于一心团结的著作,AR0126255,"fn_showArticle(""AR0126255"", """", ""NT41"", ""L"")"
朝鲜放流１００万多条小比目鱼,AR0126279,"fn_showArticle(""AR0126279"", """", ""NT41"", ""L"")"
２０１８年－２０１９年赛季朝鲜甲级足球联赛赛况（１４）,AR0126278,"fn_showArticle(""AR0126278"", """", ""NT41"", ""L"")"
朝中社评论：两手策略是行不通的,AR0126277,"fn_showArticle(""AR0126277"", """", ""NT41"", ""L"")"
培养得力的建筑师,AR0126237,"fn_showArticle(""AR0126237"", """", ""NT41"", ""L"")"
《劳动新闻》目录（２０１９年６月１７日）,AR0126262,"fn_showArticle(""AR0126262"", """", ""NT41"", ""L"")"
《劳动新闻》主张科技和教育是自力更生大进军的牵引机,AR0126260,"fn_showArticle(""AR0126260"", """", ""NT41"", ""L"")"
回顾金日成主席刚果（金）委员会成立,AR0126258,"fn_showArticle(""AR0126258"", """", ""NT41"", ""L"")"
约旦和安哥拉人士支持“６·１２”朝美联合声明,AR0126257,"fn_showArticle(""AR0126257"", """", ""NT41"", ""L"")"
巴基斯坦成立回顾金日成同志逝世２５周年全国委员会,AR0126256,"fn_showArticle(""AR0126256"", """", ""NT41"", ""L"")"
《民主朝鲜》：朝鲜将一如既往继续致力于环保工作,AR0126234,"fn_showArticle(""AR0126234"", """", ""NT41"", ""L"")"
瑞士团体赞扬金正日同志的党建业绩,AR0126232,"fn_showArticle(""AR0126232"", """", ""NT41"", ""L"")"
回顾金日成主席委员会在白俄罗斯成立,AR0126231,"fn_showArticle(""AR0126231"", """", ""NT41"", ""L"")"
叙利亚人士支持朝鲜劳动党为维护国际正义与和平的立场,AR0126230,"fn_showArticle(""AR0126230"", """", ""NT41"", ""L"")"
反帝民战平壤支部代表：将集中一切力量履行共同宣言,AR0126233,"fn_showArticle(""AR0126233"", """", ""NT04"", ""L"")"
实践“６·１５”共同宣言民族共同委员会呼吁高举北南共同宣言的旗帜大力开创和平、繁荣和统一的全盛期,AR0126222,"fn_showArticle(""AR0126222"", """", ""NT04"", ""L"")"
祖国统一研究院公报介绍南朝鲜各阶层民众争取解散“自由韩国党”斗争,AR0125917,"fn_showArticle(""AR0125917"", """", ""NT04"", ""L"")"
祖平统向全世界揭露“自由韩国党”的丑恶嘴脸,AR0125557,"fn_showArticle(""AR0125557"", """", ""NT04"", ""L"")"
朝中社评论：濒于毁灭可怜虫徒劳的对抗狂热,AR0125472,"fn_showArticle(""AR0125472"", """", ""NT04"", ""L"")"
反帝民战呼吁全体国民一致团结起来消除保守积弊势力实现抗争勇士们的愿望,AR0125350,"fn_showArticle(""AR0125350"", """", ""NT04"", ""L"")"
朝中社评论：“制造北风骚动”引起强烈反弹,AR0125232,"fn_showArticle(""AR0125232"", """", ""NT04"", ""L"")"
叙利亚成立回顾金日成主席统一社会党人党委员会,AR0126288,"fn_showArticle(""AR0126288"", """", ""NT06"", ""L"")"
委内瑞拉卡拉沃沃州纳瓜纳瓜市向金正恩同志授予最高勋章,AR0126287,"fn_showArticle(""AR0126287"", """", ""NT06"", ""L"")"
回顾金日成主席刚果（金）委员会成立,AR0126258,"fn_showArticle(""AR0126258"", """", ""NT06"", ""L"")"
约旦和安哥拉人士支持“６·１２”朝美联合声明,AR0126257,"fn_showArticle(""AR0126257"", """", ""NT06"", ""L"")"
巴基斯坦成立回顾金日成同志逝世２５周年全国委员会,AR0126256,"fn_showArticle(""AR0126256"", """", ""NT06"", ""L"")"
瑞士团体赞扬金正日同志的党建业绩,AR0126232,"fn_showArticle(""AR0126232"", """", ""NT06"", ""L"")"
回顾金日成主席委员会在白俄罗斯成立,AR0126231,"fn_showArticle(""AR0126231"", """", ""NT06"", ""L"")"
叙利亚人士支持朝鲜劳动党为维护国际正义与和平的立场,AR0126230,"fn_showArticle(""AR0126230"", """", ""NT06"", ""L"")"
俄罗斯和阿尔及利亚人士发表谈话纪念“６•１２”朝美联合声明发表１周年,AR0126290,"fn_showArticle(""AR0126290"", """", ""NT06"", ""L"")"
回顾金日成主席委员会在科威特成立,AR0126289,"fn_showArticle(""AR0126289"", """", ""NT06"", ""L"")"
实践“６·１５”共同宣言民族共同委员会呼吁高举北南共同宣言的旗帜大力开创和平、繁荣和统一的全盛期,AR0126222,"fn_showArticle(""AR0126222"", """", ""NT17"", ""L"")"
祖国统一研究院公报介绍南朝鲜各阶层民众争取解散“自由韩国党”斗争,AR0125917,"fn_showArticle(""AR0125917"", """", ""NT17"", ""L"")"
朝鲜外务省发言人：若美国继续奉行敌视政策，朝美联合声明前途就无法期待,AR0125884,"fn_showArticle(""AR0125884"", """", ""NT17"", ""L"")"
朝鲜外务省美国研究所政策研究室室长：诉诸实力绝非为美国垄断,AR0125701,"fn_showArticle(""AR0125701"", """", ""NT17"", ""L"")"
祖平统向全世界揭露“自由韩国党”的丑恶嘴脸,AR0125557,"fn_showArticle(""AR0125557"", """", ""NT17"", ""L"")"
反帝民战呼吁全体国民一致团结起来消除保守积弊势力实现抗争勇士们的愿望,AR0125350,"fn_showArticle(""AR0125350"", """", ""NT17"", ""L"")"
纪念“五一”国际劳动节１２９周年北南工人团体呼吁工人带头履行历史性的板门店宣言和９月平壤共同宣言,AR0124795,"fn_showArticle(""AR0124795"", """", ""NT17"", ""L"")"
,AR0126293,"fn_showArticle(""AR0126293"", """", ""NT16"", ""L"")"
,AR0126292,"fn_showArticle(""AR0126292"", """", ""NT16"", ""L"")"
,AR0126262,"fn_showArticle(""AR0126262"", """", ""NT16"", ""L"")"
,AR0126260,"fn_showArticle(""AR0126260"", """", ""NT16"", ""L"")"
,AR0126234,"fn_showArticle(""AR0126234"", """", ""NT16"", ""L"")"
,AR0126203,"fn_showArticle(""AR0126203"", """", ""NT16"", ""L"")"
,AR0126201,"fn_showArticle(""AR0126201"", """", ""NT16"", ""L"")"
崔龙海电贺塞舌尔国庆节,AR0126295,"fn_showArticle(""AR0126295"", """", ""NT21"", ""L"")"
委内瑞拉卡拉沃沃州纳瓜纳瓜市向金正恩同志授予最高勋章,AR0126287,"fn_showArticle(""AR0126287"", """", ""NT21"", ""L"")"
习近平将访问朝鲜,AR0126286,"fn_showArticle(""AR0126286"", """", ""NT21"", ""L"")"
金才龙实地考察德川地区煤矿联合企业,AR0126281,"fn_showArticle(""AR0126281"", """", ""NT21"", ""L"")"
朝中社评论：两手策略是行不通的,AR0126277,"fn_showArticle(""AR0126277"", """", ""NT21"", ""L"")"
朝鲜成立各道（直辖市）、市（区）、郡人民会议议员选举中央选举指导委员会,AR0126169,"fn_showArticle(""AR0126169"", """", ""NT21"", ""L"")"
崔龙海向哈萨克斯坦当选总统托卡耶夫致贺电,AR0126127,"fn_showArticle(""AR0126127"", """", ""NT21"", ""L"")"
崔龙海电贺菲律宾独立１２１周年,AR0126118,"fn_showArticle(""AR0126118"", """", ""NT21"", ""L"")"
朝中社评论：庇护战犯旗的目的何在？,AR0126117,"fn_showArticle(""AR0126117"", """", ""NT21"", ""L"")"
金才龙实地考察国民经济一些单位,AR0126091,"fn_showArticle(""AR0126091"", """", ""NT21"", ""L"")"
２０１８年－２０１９年赛季朝鲜甲级足球联赛赛况（１４）,AR0126278,"fn_showArticle(""AR0126278"", """", ""NT11"", ""L"")"
普天堡火炬奖运动会公路接力赛在平壤进行,AR0126227,"fn_showArticle(""AR0126227"", """", ""NT11"", ""L"")"
２０１８年－２０１９年赛季朝鲜女子甲级足球联赛赛况（１２）,AR0126226,"fn_showArticle(""AR0126226"", """", ""NT11"", ""L"")"
２０１８年－２０１９年赛季朝鲜甲级足球联赛赛况（１３）,AR0126058,"fn_showArticle(""AR0126058"", """", ""NT11"", ""L"")"
２０１８年－２０１９年赛季朝鲜女子甲级足球联赛赛况（１１）,AR0126009,"fn_showArticle(""AR0126009"", """", ""NT11"", ""L"")"
平壤国际健康及医疗器具部门科技展开幕,AR0126283,"fn_showArticle(""AR0126283"", """", ""NT09"", ""L"")"
“全国少年科幻文艺作品与模型展•２０１９”举行,AR0125978,"fn_showArticle(""AR0125978"", """", ""NT09"", ""L"")"
超轻型飞机游热日益升温,AR0124762,"fn_showArticle(""AR0124762"", """", ""NT19"", ""L"")"
朝俄旅游部门签署合作文件,AR0122941,"fn_showArticle(""AR0122941"", """", ""NT19"", ""L"")"
充满浪漫和欢乐的马息岭滑雪场,AR0121949,"fn_showArticle(""AR0121949"", """", ""NT19"", ""L"")"
朝鲜启动江西地区历史古迹旅游,AR0121709,"fn_showArticle(""AR0121709"", """", ""NT19"", ""L"")"
综述：朝鲜名山——金刚山,AR0120090,"fn_showArticle(""AR0120090"", """", ""NT19"", ""L"")"
旅游资源丰富的朝鲜主要旅游胜地——开城,AR0116355,"fn_showArticle(""AR0116355"", """", ""NT19"", ""L"")"
推进元山葛麻海岸旅游区建设工程快速进展,AR0112634,"fn_showArticle(""AR0112634"", """", ""NT19"", ""L"")"
朝鲜元山葛麻地区具有优越的海岸旅游区条件,AR0108670,"fn_showArticle(""AR0108670"", """", ""NT19"", ""L"")"
